Gamesnames,Gamesprices,Date
Assassin's Creed Shadows,45.76,2025-01-22
Civilization 7,43.12,2025-01-22
BLEACH Rebirth of Souls,44.39,2025-01-22
Monster Hunter Wilds,43.01,2025-01-22
Like a Dragon Pirate Yakuza in Hawaii,37.13,2025-01-22
Avowed,48.49,2025-01-22
Kingdom Come Deliverance 2,40.47,2025-01-22
Synduality Echo of Ada,29.59,2025-01-22
Double Dragon Revive,34.99,2025-01-22
Fatal Fury City of the Wolves,59.99,2025-01-22
Atomfall,49.9,2025-01-22
Split Fiction,40.05,2025-01-22
Suikoden 1&2 HD Remaster Gate Rune and Dunan Unification Wars,29.24,2025-01-22
Two Point Museum,23.99,2025-01-22
PGA TOUR 2K25,59.49,2025-01-22
Avowed Premium Upgrade Edition,21.24,2025-01-22
Tomb Raider 4-6 Remastered,24.25,2025-01-22
World of Outlaws Dirt Racing 24,41.21,2025-01-22
Sniper Elite Resistance,43.99,2025-01-22
Virtua Fighter 5 R.E.V.O.,13.99,2025-01-22
Mandragora,39.99,2025-01-22
The Legend of Heroes Trails through Daybreak II,56.99,2025-01-22
Phantom Brave The Lost Hero,55.9,2025-01-22
Eternal Strands,31.48,2025-01-22
AI Limit,31.49,2025-01-22
Lost Records Bloom & Rage,34.99,2025-01-22
Citizen Sleeper 2 Starward Vector,22.49,2025-01-22
Football Manager 25,30.8,2025-01-22
Ambulance Life A Paramedic Simulator,19.12,2025-01-22
Prison Architect 2,30.49,2025-01-22
Cabernet,19.5,2025-01-22
The Thing Remastered,23.31,2025-01-22
Tails of Iron 2 Whiskers of Winter,23.51,2025-01-22
The First Berserker Khazan,59.99,2025-01-22
Wreckreation,37.9,2025-01-22
Titan Quest 2,54.9,2025-01-22
